year,RE,field,file,hours,provinces,units,reference_profile
2020,RE1,wind,data/model_inputs/hourly/2020_RE1_wind.csv.gz,8760,31,MW,1
2021,RE1,wind,data/model_inputs/hourly/2021_RE1_wind.csv.gz,8760,31,MW,1
2022,RE1,wind,data/model_inputs/hourly/2022_RE1_wind.csv.gz,8760,31,MW,1
2023,RE1,wind,data/model_inputs/hourly/2023_RE1_wind.csv.gz,8760,31,MW,1
2024,RE1,wind,data/model_inputs/hourly/2024_RE1_wind.csv.gz,8760,31,MW,1
2025,RE1,wind,data/model_inputs/hourly/2025_RE1_wind.csv.gz,8760,31,MW,1
2026,RE1,wind,data/model_inputs/hourly/2026_RE1_wind.csv.gz,8760,31,MW,1
2027,RE1,wind,data/model_inputs/hourly/2027_RE1_wind.csv.gz,8760,31,MW,1
2028,RE1,wind,data/model_inputs/hourly/2028_RE1_wind.csv.gz,8760,31,MW,1
2029,RE1,wind,data/model_inputs/hourly/2029_RE1_wind.csv.gz,8760,31,MW,1
2030,RE1,wind,data/model_inputs/hourly/2030_RE1_wind.csv.gz,8760,31,MW,1
2031,RE1,wind,data/model_inputs/hourly/2031_RE1_wind.csv.gz,8760,31,MW,1
2032,RE1,wind,data/model_inputs/hourly/2032_RE1_wind.csv.gz,8760,31,MW,1
2033,RE1,wind,data/model_inputs/hourly/2033_RE1_wind.csv.gz,8760,31,MW,1
2034,RE1,wind,data/model_inputs/hourly/2034_RE1_wind.csv.gz,8760,31,MW,1
2035,RE1,wind,data/model_inputs/hourly/2035_RE1_wind.csv.gz,8760,31,MW,1
2020,RE2,wind,data/model_inputs/hourly/2020_RE2_wind.csv.gz,8760,31,MW,2
2021,RE2,wind,data/model_inputs/hourly/2021_RE2_wind.csv.gz,8760,31,MW,2
2022,RE2,wind,data/model_inputs/hourly/2022_RE2_wind.csv.gz,8760,31,MW,2
2023,RE2,wind,data/model_inputs/hourly/2023_RE2_wind.csv.gz,8760,31,MW,2
2024,RE2,wind,data/model_inputs/hourly/2024_RE2_wind.csv.gz,8760,31,MW,2
2025,RE2,wind,data/model_inputs/hourly/2025_RE2_wind.csv.gz,8760,31,MW,2
2026,RE2,wind,data/model_inputs/hourly/2026_RE2_wind.csv.gz,8760,31,MW,2
2027,RE2,wind,data/model_inputs/hourly/2027_RE2_wind.csv.gz,8760,31,MW,2
2028,RE2,wind,data/model_inputs/hourly/2028_RE2_wind.csv.gz,8760,31,MW,2
2029,RE2,wind,data/model_inputs/hourly/2029_RE2_wind.csv.gz,8760,31,MW,2
2030,RE2,wind,data/model_inputs/hourly/2030_RE2_wind.csv.gz,8760,31,MW,2
2031,RE2,wind,data/model_inputs/hourly/2031_RE2_wind.csv.gz,8760,31,MW,2
2032,RE2,wind,data/model_inputs/hourly/2032_RE2_wind.csv.gz,8760,31,MW,2
2033,RE2,wind,data/model_inputs/hourly/2033_RE2_wind.csv.gz,8760,31,MW,2
2034,RE2,wind,data/model_inputs/hourly/2034_RE2_wind.csv.gz,8760,31,MW,2
2035,RE2,wind,data/model_inputs/hourly/2035_RE2_wind.csv.gz,8760,31,MW,2
2020,RE1,solar,data/model_inputs/hourly/2020_RE1_solar.csv.gz,8760,31,MW,1
2021,RE1,solar,data/model_inputs/hourly/2021_RE1_solar.csv.gz,8760,31,MW,1
2022,RE1,solar,data/model_inputs/hourly/2022_RE1_solar.csv.gz,8760,31,MW,1
2023,RE1,solar,data/model_inputs/hourly/2023_RE1_solar.csv.gz,8760,31,MW,1
2024,RE1,solar,data/model_inputs/hourly/2024_RE1_solar.csv.gz,8760,31,MW,1
2025,RE1,solar,data/model_inputs/hourly/2025_RE1_solar.csv.gz,8760,31,MW,1
2026,RE1,solar,data/model_inputs/hourly/2026_RE1_solar.csv.gz,8760,31,MW,1
2027,RE1,solar,data/model_inputs/hourly/2027_RE1_solar.csv.gz,8760,31,MW,1
2028,RE1,solar,data/model_inputs/hourly/2028_RE1_solar.csv.gz,8760,31,MW,1
2029,RE1,solar,data/model_inputs/hourly/2029_RE1_solar.csv.gz,8760,31,MW,1
2030,RE1,solar,data/model_inputs/hourly/2030_RE1_solar.csv.gz,8760,31,MW,1
2031,RE1,solar,data/model_inputs/hourly/2031_RE1_solar.csv.gz,8760,31,MW,1
2032,RE1,solar,data/model_inputs/hourly/2032_RE1_solar.csv.gz,8760,31,MW,1
2033,RE1,solar,data/model_inputs/hourly/2033_RE1_solar.csv.gz,8760,31,MW,1
2034,RE1,solar,data/model_inputs/hourly/2034_RE1_solar.csv.gz,8760,31,MW,1
2035,RE1,solar,data/model_inputs/hourly/2035_RE1_solar.csv.gz,8760,31,MW,1
2020,RE2,solar,data/model_inputs/hourly/2020_RE2_solar.csv.gz,8760,31,MW,2
2021,RE2,solar,data/model_inputs/hourly/2021_RE2_solar.csv.gz,8760,31,MW,2
2022,RE2,solar,data/model_inputs/hourly/2022_RE2_solar.csv.gz,8760,31,MW,2
2023,RE2,solar,data/model_inputs/hourly/2023_RE2_solar.csv.gz,8760,31,MW,2
2024,RE2,solar,data/model_inputs/hourly/2024_RE2_solar.csv.gz,8760,31,MW,2
2025,RE2,solar,data/model_inputs/hourly/2025_RE2_solar.csv.gz,8760,31,MW,2
2026,RE2,solar,data/model_inputs/hourly/2026_RE2_solar.csv.gz,8760,31,MW,2
2027,RE2,solar,data/model_inputs/hourly/2027_RE2_solar.csv.gz,8760,31,MW,2
2028,RE2,solar,data/model_inputs/hourly/2028_RE2_solar.csv.gz,8760,31,MW,2
2029,RE2,solar,data/model_inputs/hourly/2029_RE2_solar.csv.gz,8760,31,MW,2
2030,RE2,solar,data/model_inputs/hourly/2030_RE2_solar.csv.gz,8760,31,MW,2
2031,RE2,solar,data/model_inputs/hourly/2031_RE2_solar.csv.gz,8760,31,MW,2
2032,RE2,solar,data/model_inputs/hourly/2032_RE2_solar.csv.gz,8760,31,MW,2
2033,RE2,solar,data/model_inputs/hourly/2033_RE2_solar.csv.gz,8760,31,MW,2
2034,RE2,solar,data/model_inputs/hourly/2034_RE2_solar.csv.gz,8760,31,MW,2
2035,RE2,solar,data/model_inputs/hourly/2035_RE2_solar.csv.gz,8760,31,MW,2
2020,RE1,hydro,data/model_inputs/hourly/2020_RE1_hydro.csv.gz,8760,31,MW,1
2021,RE1,hydro,data/model_inputs/hourly/2021_RE1_hydro.csv.gz,8760,31,MW,1
2022,RE1,hydro,data/model_inputs/hourly/2022_RE1_hydro.csv.gz,8760,31,MW,1
2023,RE1,hydro,data/model_inputs/hourly/2023_RE1_hydro.csv.gz,8760,31,MW,1
2024,RE1,hydro,data/model_inputs/hourly/2024_RE1_hydro.csv.gz,8760,31,MW,1
2025,RE1,hydro,data/model_inputs/hourly/2025_RE1_hydro.csv.gz,8760,31,MW,1
2026,RE1,hydro,data/model_inputs/hourly/2026_RE1_hydro.csv.gz,8760,31,MW,1
2027,RE1,hydro,data/model_inputs/hourly/2027_RE1_hydro.csv.gz,8760,31,MW,1
2028,RE1,hydro,data/model_inputs/hourly/2028_RE1_hydro.csv.gz,8760,31,MW,1
2029,RE1,hydro,data/model_inputs/hourly/2029_RE1_hydro.csv.gz,8760,31,MW,1
2030,RE1,hydro,data/model_inputs/hourly/2030_RE1_hydro.csv.gz,8760,31,MW,1
2031,RE1,hydro,data/model_inputs/hourly/2031_RE1_hydro.csv.gz,8760,31,MW,1
2032,RE1,hydro,data/model_inputs/hourly/2032_RE1_hydro.csv.gz,8760,31,MW,1
2033,RE1,hydro,data/model_inputs/hourly/2033_RE1_hydro.csv.gz,8760,31,MW,1
2034,RE1,hydro,data/model_inputs/hourly/2034_RE1_hydro.csv.gz,8760,31,MW,1
2035,RE1,hydro,data/model_inputs/hourly/2035_RE1_hydro.csv.gz,8760,31,MW,1
2020,RE2,hydro,data/model_inputs/hourly/2020_RE2_hydro.csv.gz,8760,31,MW,2
2021,RE2,hydro,data/model_inputs/hourly/2021_RE2_hydro.csv.gz,8760,31,MW,2
2022,RE2,hydro,data/model_inputs/hourly/2022_RE2_hydro.csv.gz,8760,31,MW,2
2023,RE2,hydro,data/model_inputs/hourly/2023_RE2_hydro.csv.gz,8760,31,MW,2
2024,RE2,hydro,data/model_inputs/hourly/2024_RE2_hydro.csv.gz,8760,31,MW,2
2025,RE2,hydro,data/model_inputs/hourly/2025_RE2_hydro.csv.gz,8760,31,MW,2
2026,RE2,hydro,data/model_inputs/hourly/2026_RE2_hydro.csv.gz,8760,31,MW,2
2027,RE2,hydro,data/model_inputs/hourly/2027_RE2_hydro.csv.gz,8760,31,MW,2
2028,RE2,hydro,data/model_inputs/hourly/2028_RE2_hydro.csv.gz,8760,31,MW,2
2029,RE2,hydro,data/model_inputs/hourly/2029_RE2_hydro.csv.gz,8760,31,MW,2
2030,RE2,hydro,data/model_inputs/hourly/2030_RE2_hydro.csv.gz,8760,31,MW,2
2031,RE2,hydro,data/model_inputs/hourly/2031_RE2_hydro.csv.gz,8760,31,MW,2
2032,RE2,hydro,data/model_inputs/hourly/2032_RE2_hydro.csv.gz,8760,31,MW,2
2033,RE2,hydro,data/model_inputs/hourly/2033_RE2_hydro.csv.gz,8760,31,MW,2
2034,RE2,hydro,data/model_inputs/hourly/2034_RE2_hydro.csv.gz,8760,31,MW,2
2035,RE2,hydro,data/model_inputs/hourly/2035_RE2_hydro.csv.gz,8760,31,MW,2
2020,RE1,nuclear,data/model_inputs/hourly/2020_RE1_nuclear.csv.gz,8760,31,MW,1
2021,RE1,nuclear,data/model_inputs/hourly/2021_RE1_nuclear.csv.gz,8760,31,MW,1
2022,RE1,nuclear,data/model_inputs/hourly/2022_RE1_nuclear.csv.gz,8760,31,MW,1
2023,RE1,nuclear,data/model_inputs/hourly/2023_RE1_nuclear.csv.gz,8760,31,MW,1
2024,RE1,nuclear,data/model_inputs/hourly/2024_RE1_nuclear.csv.gz,8760,31,MW,1
2025,RE1,nuclear,data/model_inputs/hourly/2025_RE1_nuclear.csv.gz,8760,31,MW,1
2026,RE1,nuclear,data/model_inputs/hourly/2026_RE1_nuclear.csv.gz,8760,31,MW,1
2027,RE1,nuclear,data/model_inputs/hourly/2027_RE1_nuclear.csv.gz,8760,31,MW,1
2028,RE1,nuclear,data/model_inputs/hourly/2028_RE1_nuclear.csv.gz,8760,31,MW,1
2029,RE1,nuclear,data/model_inputs/hourly/2029_RE1_nuclear.csv.gz,8760,31,MW,1
2030,RE1,nuclear,data/model_inputs/hourly/2030_RE1_nuclear.csv.gz,8760,31,MW,1
2031,RE1,nuclear,data/model_inputs/hourly/2031_RE1_nuclear.csv.gz,8760,31,MW,1
2032,RE1,nuclear,data/model_inputs/hourly/2032_RE1_nuclear.csv.gz,8760,31,MW,1
2033,RE1,nuclear,data/model_inputs/hourly/2033_RE1_nuclear.csv.gz,8760,31,MW,1
2034,RE1,nuclear,data/model_inputs/hourly/2034_RE1_nuclear.csv.gz,8760,31,MW,1
2035,RE1,nuclear,data/model_inputs/hourly/2035_RE1_nuclear.csv.gz,8760,31,MW,1
2020,RE2,nuclear,data/model_inputs/hourly/2020_RE2_nuclear.csv.gz,8760,31,MW,2
2021,RE2,nuclear,data/model_inputs/hourly/2021_RE2_nuclear.csv.gz,8760,31,MW,2
2022,RE2,nuclear,data/model_inputs/hourly/2022_RE2_nuclear.csv.gz,8760,31,MW,2
2023,RE2,nuclear,data/model_inputs/hourly/2023_RE2_nuclear.csv.gz,8760,31,MW,2
2024,RE2,nuclear,data/model_inputs/hourly/2024_RE2_nuclear.csv.gz,8760,31,MW,2
2025,RE2,nuclear,data/model_inputs/hourly/2025_RE2_nuclear.csv.gz,8760,31,MW,2
2026,RE2,nuclear,data/model_inputs/hourly/2026_RE2_nuclear.csv.gz,8760,31,MW,2
2027,RE2,nuclear,data/model_inputs/hourly/2027_RE2_nuclear.csv.gz,8760,31,MW,2
2028,RE2,nuclear,data/model_inputs/hourly/2028_RE2_nuclear.csv.gz,8760,31,MW,2
2029,RE2,nuclear,data/model_inputs/hourly/2029_RE2_nuclear.csv.gz,8760,31,MW,2
2030,RE2,nuclear,data/model_inputs/hourly/2030_RE2_nuclear.csv.gz,8760,31,MW,2
2031,RE2,nuclear,data/model_inputs/hourly/2031_RE2_nuclear.csv.gz,8760,31,MW,2
2032,RE2,nuclear,data/model_inputs/hourly/2032_RE2_nuclear.csv.gz,8760,31,MW,2
2033,RE2,nuclear,data/model_inputs/hourly/2033_RE2_nuclear.csv.gz,8760,31,MW,2
2034,RE2,nuclear,data/model_inputs/hourly/2034_RE2_nuclear.csv.gz,8760,31,MW,2
2035,RE2,nuclear,data/model_inputs/hourly/2035_RE2_nuclear.csv.gz,8760,31,MW,2
2020,COMMON,load,data/model_inputs/hourly/2020_COMMON_load.csv.gz,8760,31,MW,1
2021,COMMON,load,data/model_inputs/hourly/2021_COMMON_load.csv.gz,8760,31,MW,1
2022,COMMON,load,data/model_inputs/hourly/2022_COMMON_load.csv.gz,8760,31,MW,1
2023,COMMON,load,data/model_inputs/hourly/2023_COMMON_load.csv.gz,8760,31,MW,1
2024,COMMON,load,data/model_inputs/hourly/2024_COMMON_load.csv.gz,8760,31,MW,1
2025,COMMON,load,data/model_inputs/hourly/2025_COMMON_load.csv.gz,8760,31,MW,1
2026,COMMON,load,data/model_inputs/hourly/2026_COMMON_load.csv.gz,8760,31,MW,1
2027,COMMON,load,data/model_inputs/hourly/2027_COMMON_load.csv.gz,8760,31,MW,1
2028,COMMON,load,data/model_inputs/hourly/2028_COMMON_load.csv.gz,8760,31,MW,1
2029,COMMON,load,data/model_inputs/hourly/2029_COMMON_load.csv.gz,8760,31,MW,1
2030,COMMON,load,data/model_inputs/hourly/2030_COMMON_load.csv.gz,8760,31,MW,1
2031,COMMON,load,data/model_inputs/hourly/2031_COMMON_load.csv.gz,8760,31,MW,1
2032,COMMON,load,data/model_inputs/hourly/2032_COMMON_load.csv.gz,8760,31,MW,1
2033,COMMON,load,data/model_inputs/hourly/2033_COMMON_load.csv.gz,8760,31,MW,1
2034,COMMON,load,data/model_inputs/hourly/2034_COMMON_load.csv.gz,8760,31,MW,1
2035,COMMON,load,data/model_inputs/hourly/2035_COMMON_load.csv.gz,8760,31,MW,1
