year,CQ,COP,file,reference_profile
2020,CQ1,COP1,data/model_inputs/thermal/2020_CQ1_COP1.csv.gz,3
2020,CQ1,COP2,data/model_inputs/thermal/2020_CQ1_COP2.csv.gz,5
2020,CQ2,COP1,data/model_inputs/thermal/2020_CQ2_COP1.csv.gz,8
2020,CQ2,COP2,data/model_inputs/thermal/2020_CQ2_COP2.csv.gz,1
2020,CQ3,COP1,data/model_inputs/thermal/2020_CQ3_COP1.csv.gz,25
2020,CQ3,COP2,data/model_inputs/thermal/2020_CQ3_COP2.csv.gz,14
2020,CQ4,COP1,data/model_inputs/thermal/2020_CQ4_COP1.csv.gz,27
2020,CQ4,COP2,data/model_inputs/thermal/2020_CQ4_COP2.csv.gz,2
2020,CQ5,COP1,data/model_inputs/thermal/2020_CQ5_COP1.csv.gz,7
2020,CQ5,COP2,data/model_inputs/thermal/2020_CQ5_COP2.csv.gz,4
2020,CQ6,COP1,data/model_inputs/thermal/2020_CQ6_COP1.csv.gz,10
2020,CQ6,COP2,data/model_inputs/thermal/2020_CQ6_COP2.csv.gz,11
2021,CQ1,COP1,data/model_inputs/thermal/2021_CQ1_COP1.csv.gz,3
2021,CQ1,COP2,data/model_inputs/thermal/2021_CQ1_COP2.csv.gz,5
2021,CQ2,COP1,data/model_inputs/thermal/2021_CQ2_COP1.csv.gz,8
2021,CQ2,COP2,data/model_inputs/thermal/2021_CQ2_COP2.csv.gz,1
2021,CQ3,COP1,data/model_inputs/thermal/2021_CQ3_COP1.csv.gz,25
2021,CQ3,COP2,data/model_inputs/thermal/2021_CQ3_COP2.csv.gz,14
2021,CQ4,COP1,data/model_inputs/thermal/2021_CQ4_COP1.csv.gz,27
2021,CQ4,COP2,data/model_inputs/thermal/2021_CQ4_COP2.csv.gz,2
2021,CQ5,COP1,data/model_inputs/thermal/2021_CQ5_COP1.csv.gz,7
2021,CQ5,COP2,data/model_inputs/thermal/2021_CQ5_COP2.csv.gz,4
2021,CQ6,COP1,data/model_inputs/thermal/2021_CQ6_COP1.csv.gz,10
2021,CQ6,COP2,data/model_inputs/thermal/2021_CQ6_COP2.csv.gz,11
2022,CQ1,COP1,data/model_inputs/thermal/2022_CQ1_COP1.csv.gz,3
2022,CQ1,COP2,data/model_inputs/thermal/2022_CQ1_COP2.csv.gz,5
2022,CQ2,COP1,data/model_inputs/thermal/2022_CQ2_COP1.csv.gz,8
2022,CQ2,COP2,data/model_inputs/thermal/2022_CQ2_COP2.csv.gz,1
2022,CQ3,COP1,data/model_inputs/thermal/2022_CQ3_COP1.csv.gz,25
2022,CQ3,COP2,data/model_inputs/thermal/2022_CQ3_COP2.csv.gz,14
2022,CQ4,COP1,data/model_inputs/thermal/2022_CQ4_COP1.csv.gz,27
2022,CQ4,COP2,data/model_inputs/thermal/2022_CQ4_COP2.csv.gz,2
2022,CQ5,COP1,data/model_inputs/thermal/2022_CQ5_COP1.csv.gz,7
2022,CQ5,COP2,data/model_inputs/thermal/2022_CQ5_COP2.csv.gz,4
2022,CQ6,COP1,data/model_inputs/thermal/2022_CQ6_COP1.csv.gz,10
2022,CQ6,COP2,data/model_inputs/thermal/2022_CQ6_COP2.csv.gz,11
2023,CQ1,COP1,data/model_inputs/thermal/2023_CQ1_COP1.csv.gz,3
2023,CQ1,COP2,data/model_inputs/thermal/2023_CQ1_COP2.csv.gz,5
2023,CQ2,COP1,data/model_inputs/thermal/2023_CQ2_COP1.csv.gz,8
2023,CQ2,COP2,data/model_inputs/thermal/2023_CQ2_COP2.csv.gz,1
2023,CQ3,COP1,data/model_inputs/thermal/2023_CQ3_COP1.csv.gz,25
2023,CQ3,COP2,data/model_inputs/thermal/2023_CQ3_COP2.csv.gz,14
2023,CQ4,COP1,data/model_inputs/thermal/2023_CQ4_COP1.csv.gz,27
2023,CQ4,COP2,data/model_inputs/thermal/2023_CQ4_COP2.csv.gz,2
2023,CQ5,COP1,data/model_inputs/thermal/2023_CQ5_COP1.csv.gz,7
2023,CQ5,COP2,data/model_inputs/thermal/2023_CQ5_COP2.csv.gz,4
2023,CQ6,COP1,data/model_inputs/thermal/2023_CQ6_COP1.csv.gz,10
2023,CQ6,COP2,data/model_inputs/thermal/2023_CQ6_COP2.csv.gz,11
2024,CQ1,COP1,data/model_inputs/thermal/2024_CQ1_COP1.csv.gz,3
2024,CQ1,COP2,data/model_inputs/thermal/2024_CQ1_COP2.csv.gz,5
2024,CQ2,COP1,data/model_inputs/thermal/2024_CQ2_COP1.csv.gz,8
2024,CQ2,COP2,data/model_inputs/thermal/2024_CQ2_COP2.csv.gz,1
2024,CQ3,COP1,data/model_inputs/thermal/2024_CQ3_COP1.csv.gz,25
2024,CQ3,COP2,data/model_inputs/thermal/2024_CQ3_COP2.csv.gz,14
2024,CQ4,COP1,data/model_inputs/thermal/2024_CQ4_COP1.csv.gz,27
2024,CQ4,COP2,data/model_inputs/thermal/2024_CQ4_COP2.csv.gz,2
2024,CQ5,COP1,data/model_inputs/thermal/2024_CQ5_COP1.csv.gz,7
2024,CQ5,COP2,data/model_inputs/thermal/2024_CQ5_COP2.csv.gz,4
2024,CQ6,COP1,data/model_inputs/thermal/2024_CQ6_COP1.csv.gz,10
2024,CQ6,COP2,data/model_inputs/thermal/2024_CQ6_COP2.csv.gz,11
2025,CQ1,COP1,data/model_inputs/thermal/2025_CQ1_COP1.csv.gz,3
2025,CQ1,COP2,data/model_inputs/thermal/2025_CQ1_COP2.csv.gz,5
2025,CQ2,COP1,data/model_inputs/thermal/2025_CQ2_COP1.csv.gz,8
2025,CQ2,COP2,data/model_inputs/thermal/2025_CQ2_COP2.csv.gz,1
2025,CQ3,COP1,data/model_inputs/thermal/2025_CQ3_COP1.csv.gz,25
2025,CQ3,COP2,data/model_inputs/thermal/2025_CQ3_COP2.csv.gz,14
2025,CQ4,COP1,data/model_inputs/thermal/2025_CQ4_COP1.csv.gz,27
2025,CQ4,COP2,data/model_inputs/thermal/2025_CQ4_COP2.csv.gz,2
2025,CQ5,COP1,data/model_inputs/thermal/2025_CQ5_COP1.csv.gz,7
2025,CQ5,COP2,data/model_inputs/thermal/2025_CQ5_COP2.csv.gz,4
2025,CQ6,COP1,data/model_inputs/thermal/2025_CQ6_COP1.csv.gz,10
2025,CQ6,COP2,data/model_inputs/thermal/2025_CQ6_COP2.csv.gz,11
2026,CQ1,COP1,data/model_inputs/thermal/2026_CQ1_COP1.csv.gz,3
2026,CQ1,COP2,data/model_inputs/thermal/2026_CQ1_COP2.csv.gz,5
2026,CQ2,COP1,data/model_inputs/thermal/2026_CQ2_COP1.csv.gz,8
2026,CQ2,COP2,data/model_inputs/thermal/2026_CQ2_COP2.csv.gz,1
2026,CQ3,COP1,data/model_inputs/thermal/2026_CQ3_COP1.csv.gz,25
2026,CQ3,COP2,data/model_inputs/thermal/2026_CQ3_COP2.csv.gz,14
2026,CQ4,COP1,data/model_inputs/thermal/2026_CQ4_COP1.csv.gz,27
2026,CQ4,COP2,data/model_inputs/thermal/2026_CQ4_COP2.csv.gz,2
2026,CQ5,COP1,data/model_inputs/thermal/2026_CQ5_COP1.csv.gz,7
2026,CQ5,COP2,data/model_inputs/thermal/2026_CQ5_COP2.csv.gz,4
2026,CQ6,COP1,data/model_inputs/thermal/2026_CQ6_COP1.csv.gz,10
2026,CQ6,COP2,data/model_inputs/thermal/2026_CQ6_COP2.csv.gz,11
2027,CQ1,COP1,data/model_inputs/thermal/2027_CQ1_COP1.csv.gz,3
2027,CQ1,COP2,data/model_inputs/thermal/2027_CQ1_COP2.csv.gz,5
2027,CQ2,COP1,data/model_inputs/thermal/2027_CQ2_COP1.csv.gz,8
2027,CQ2,COP2,data/model_inputs/thermal/2027_CQ2_COP2.csv.gz,1
2027,CQ3,COP1,data/model_inputs/thermal/2027_CQ3_COP1.csv.gz,25
2027,CQ3,COP2,data/model_inputs/thermal/2027_CQ3_COP2.csv.gz,14
2027,CQ4,COP1,data/model_inputs/thermal/2027_CQ4_COP1.csv.gz,27
2027,CQ4,COP2,data/model_inputs/thermal/2027_CQ4_COP2.csv.gz,2
2027,CQ5,COP1,data/model_inputs/thermal/2027_CQ5_COP1.csv.gz,7
2027,CQ5,COP2,data/model_inputs/thermal/2027_CQ5_COP2.csv.gz,4
2027,CQ6,COP1,data/model_inputs/thermal/2027_CQ6_COP1.csv.gz,10
2027,CQ6,COP2,data/model_inputs/thermal/2027_CQ6_COP2.csv.gz,11
2028,CQ1,COP1,data/model_inputs/thermal/2028_CQ1_COP1.csv.gz,3
2028,CQ1,COP2,data/model_inputs/thermal/2028_CQ1_COP2.csv.gz,5
2028,CQ2,COP1,data/model_inputs/thermal/2028_CQ2_COP1.csv.gz,8
2028,CQ2,COP2,data/model_inputs/thermal/2028_CQ2_COP2.csv.gz,1
2028,CQ3,COP1,data/model_inputs/thermal/2028_CQ3_COP1.csv.gz,25
2028,CQ3,COP2,data/model_inputs/thermal/2028_CQ3_COP2.csv.gz,14
2028,CQ4,COP1,data/model_inputs/thermal/2028_CQ4_COP1.csv.gz,27
2028,CQ4,COP2,data/model_inputs/thermal/2028_CQ4_COP2.csv.gz,2
2028,CQ5,COP1,data/model_inputs/thermal/2028_CQ5_COP1.csv.gz,7
2028,CQ5,COP2,data/model_inputs/thermal/2028_CQ5_COP2.csv.gz,4
2028,CQ6,COP1,data/model_inputs/thermal/2028_CQ6_COP1.csv.gz,10
2028,CQ6,COP2,data/model_inputs/thermal/2028_CQ6_COP2.csv.gz,11
2029,CQ1,COP1,data/model_inputs/thermal/2029_CQ1_COP1.csv.gz,3
2029,CQ1,COP2,data/model_inputs/thermal/2029_CQ1_COP2.csv.gz,5
2029,CQ2,COP1,data/model_inputs/thermal/2029_CQ2_COP1.csv.gz,8
2029,CQ2,COP2,data/model_inputs/thermal/2029_CQ2_COP2.csv.gz,1
2029,CQ3,COP1,data/model_inputs/thermal/2029_CQ3_COP1.csv.gz,25
2029,CQ3,COP2,data/model_inputs/thermal/2029_CQ3_COP2.csv.gz,14
2029,CQ4,COP1,data/model_inputs/thermal/2029_CQ4_COP1.csv.gz,27
2029,CQ4,COP2,data/model_inputs/thermal/2029_CQ4_COP2.csv.gz,2
2029,CQ5,COP1,data/model_inputs/thermal/2029_CQ5_COP1.csv.gz,7
2029,CQ5,COP2,data/model_inputs/thermal/2029_CQ5_COP2.csv.gz,4
2029,CQ6,COP1,data/model_inputs/thermal/2029_CQ6_COP1.csv.gz,10
2029,CQ6,COP2,data/model_inputs/thermal/2029_CQ6_COP2.csv.gz,11
2030,CQ1,COP1,data/model_inputs/thermal/2030_CQ1_COP1.csv.gz,3
2030,CQ1,COP2,data/model_inputs/thermal/2030_CQ1_COP2.csv.gz,5
2030,CQ2,COP1,data/model_inputs/thermal/2030_CQ2_COP1.csv.gz,8
2030,CQ2,COP2,data/model_inputs/thermal/2030_CQ2_COP2.csv.gz,1
2030,CQ3,COP1,data/model_inputs/thermal/2030_CQ3_COP1.csv.gz,25
2030,CQ3,COP2,data/model_inputs/thermal/2030_CQ3_COP2.csv.gz,14
2030,CQ4,COP1,data/model_inputs/thermal/2030_CQ4_COP1.csv.gz,27
2030,CQ4,COP2,data/model_inputs/thermal/2030_CQ4_COP2.csv.gz,2
2030,CQ5,COP1,data/model_inputs/thermal/2030_CQ5_COP1.csv.gz,7
2030,CQ5,COP2,data/model_inputs/thermal/2030_CQ5_COP2.csv.gz,4
2030,CQ6,COP1,data/model_inputs/thermal/2030_CQ6_COP1.csv.gz,10
2030,CQ6,COP2,data/model_inputs/thermal/2030_CQ6_COP2.csv.gz,11
2031,CQ1,COP1,data/model_inputs/thermal/2031_CQ1_COP1.csv.gz,3
2031,CQ1,COP2,data/model_inputs/thermal/2031_CQ1_COP2.csv.gz,5
2031,CQ2,COP1,data/model_inputs/thermal/2031_CQ2_COP1.csv.gz,8
2031,CQ2,COP2,data/model_inputs/thermal/2031_CQ2_COP2.csv.gz,1
2031,CQ3,COP1,data/model_inputs/thermal/2031_CQ3_COP1.csv.gz,25
2031,CQ3,COP2,data/model_inputs/thermal/2031_CQ3_COP2.csv.gz,14
2031,CQ4,COP1,data/model_inputs/thermal/2031_CQ4_COP1.csv.gz,27
2031,CQ4,COP2,data/model_inputs/thermal/2031_CQ4_COP2.csv.gz,2
2031,CQ5,COP1,data/model_inputs/thermal/2031_CQ5_COP1.csv.gz,7
2031,CQ5,COP2,data/model_inputs/thermal/2031_CQ5_COP2.csv.gz,4
2031,CQ6,COP1,data/model_inputs/thermal/2031_CQ6_COP1.csv.gz,10
2031,CQ6,COP2,data/model_inputs/thermal/2031_CQ6_COP2.csv.gz,11
2032,CQ1,COP1,data/model_inputs/thermal/2032_CQ1_COP1.csv.gz,3
2032,CQ1,COP2,data/model_inputs/thermal/2032_CQ1_COP2.csv.gz,5
2032,CQ2,COP1,data/model_inputs/thermal/2032_CQ2_COP1.csv.gz,8
2032,CQ2,COP2,data/model_inputs/thermal/2032_CQ2_COP2.csv.gz,1
2032,CQ3,COP1,data/model_inputs/thermal/2032_CQ3_COP1.csv.gz,25
2032,CQ3,COP2,data/model_inputs/thermal/2032_CQ3_COP2.csv.gz,14
2032,CQ4,COP1,data/model_inputs/thermal/2032_CQ4_COP1.csv.gz,27
2032,CQ4,COP2,data/model_inputs/thermal/2032_CQ4_COP2.csv.gz,2
2032,CQ5,COP1,data/model_inputs/thermal/2032_CQ5_COP1.csv.gz,7
2032,CQ5,COP2,data/model_inputs/thermal/2032_CQ5_COP2.csv.gz,4
2032,CQ6,COP1,data/model_inputs/thermal/2032_CQ6_COP1.csv.gz,10
2032,CQ6,COP2,data/model_inputs/thermal/2032_CQ6_COP2.csv.gz,11
2033,CQ1,COP1,data/model_inputs/thermal/2033_CQ1_COP1.csv.gz,3
2033,CQ1,COP2,data/model_inputs/thermal/2033_CQ1_COP2.csv.gz,5
2033,CQ2,COP1,data/model_inputs/thermal/2033_CQ2_COP1.csv.gz,8
2033,CQ2,COP2,data/model_inputs/thermal/2033_CQ2_COP2.csv.gz,1
2033,CQ3,COP1,data/model_inputs/thermal/2033_CQ3_COP1.csv.gz,25
2033,CQ3,COP2,data/model_inputs/thermal/2033_CQ3_COP2.csv.gz,14
2033,CQ4,COP1,data/model_inputs/thermal/2033_CQ4_COP1.csv.gz,27
2033,CQ4,COP2,data/model_inputs/thermal/2033_CQ4_COP2.csv.gz,2
2033,CQ5,COP1,data/model_inputs/thermal/2033_CQ5_COP1.csv.gz,7
2033,CQ5,COP2,data/model_inputs/thermal/2033_CQ5_COP2.csv.gz,4
2033,CQ6,COP1,data/model_inputs/thermal/2033_CQ6_COP1.csv.gz,10
2033,CQ6,COP2,data/model_inputs/thermal/2033_CQ6_COP2.csv.gz,11
2034,CQ1,COP1,data/model_inputs/thermal/2034_CQ1_COP1.csv.gz,3
2034,CQ1,COP2,data/model_inputs/thermal/2034_CQ1_COP2.csv.gz,5
2034,CQ2,COP1,data/model_inputs/thermal/2034_CQ2_COP1.csv.gz,8
2034,CQ2,COP2,data/model_inputs/thermal/2034_CQ2_COP2.csv.gz,1
2034,CQ3,COP1,data/model_inputs/thermal/2034_CQ3_COP1.csv.gz,25
2034,CQ3,COP2,data/model_inputs/thermal/2034_CQ3_COP2.csv.gz,14
2034,CQ4,COP1,data/model_inputs/thermal/2034_CQ4_COP1.csv.gz,27
2034,CQ4,COP2,data/model_inputs/thermal/2034_CQ4_COP2.csv.gz,2
2034,CQ5,COP1,data/model_inputs/thermal/2034_CQ5_COP1.csv.gz,7
2034,CQ5,COP2,data/model_inputs/thermal/2034_CQ5_COP2.csv.gz,4
2034,CQ6,COP1,data/model_inputs/thermal/2034_CQ6_COP1.csv.gz,10
2034,CQ6,COP2,data/model_inputs/thermal/2034_CQ6_COP2.csv.gz,11
2035,CQ1,COP1,data/model_inputs/thermal/2035_CQ1_COP1.csv.gz,3
2035,CQ1,COP2,data/model_inputs/thermal/2035_CQ1_COP2.csv.gz,5
2035,CQ2,COP1,data/model_inputs/thermal/2035_CQ2_COP1.csv.gz,8
2035,CQ2,COP2,data/model_inputs/thermal/2035_CQ2_COP2.csv.gz,1
2035,CQ3,COP1,data/model_inputs/thermal/2035_CQ3_COP1.csv.gz,25
2035,CQ3,COP2,data/model_inputs/thermal/2035_CQ3_COP2.csv.gz,14
2035,CQ4,COP1,data/model_inputs/thermal/2035_CQ4_COP1.csv.gz,27
2035,CQ4,COP2,data/model_inputs/thermal/2035_CQ4_COP2.csv.gz,2
2035,CQ5,COP1,data/model_inputs/thermal/2035_CQ5_COP1.csv.gz,7
2035,CQ5,COP2,data/model_inputs/thermal/2035_CQ5_COP2.csv.gz,4
2035,CQ6,COP1,data/model_inputs/thermal/2035_CQ6_COP1.csv.gz,10
2035,CQ6,COP2,data/model_inputs/thermal/2035_CQ6_COP2.csv.gz,11
